Wonder Woman,Kristen B,4
The Wolf of Wallstreet,Kristen B,5
Casino Royale,Kristen B,4
The Dark Knight,Kristen B,4
Toy Story,Kristen B,5
Superbad,Kristen B,2
Wonder Woman,Nicole G,5
The Wolf of Wallstreet,Nicole G,3
Casino Royale,Nicole G,4
The Dark Knight,Nicole G,4
Toy Story,Nicole G,5
Superbad,Nicole G,5
Wonder Woman,Schaeffer C,5
The Wolf of Wallstreet,Schaeffer C,5
Casino Royale,Schaeffer C,4
The Dark Knight,Schaeffer C,4
Toy Story,Schaeffer C,5
Superbad,Schaeffer C,3
Wonder Woman,Marietta G,5
The Wolf of Wallstreet,Marietta G,4
Casino Royale,Marietta G,5
The Dark Knight,Marietta G,3
Toy Story,Marietta G,5
Superbad,Marietta G,2
Wonder Woman,Roger F,3
The Wolf of Wallstreet,Roger F,4
Casino Royale,Roger F,4
The Dark Knight,Roger F,5
Toy Story,Roger F,5
Superbad,Roger F,4
